"Address","Content Type","Status Code","Status","Indexability","Indexability Status","Title 1","Title 1 Length","Title 1 Pixel Width","Meta Description 1","Meta Description 1 Length","Meta Description 1 Pixel Width","Meta Keywords 1","Meta Keywords 1 Length","H1-1","H1-1 Length","H2-1","H2-1 Length","Meta Robots 1","X-Robots-Tag 1","Meta Refresh 1","Canonical Link Element 1","rel=""next"" 1","rel=""prev"" 1","HTTP rel=""next"" 1","HTTP rel=""prev"" 1","amphtml Link Element","Size (bytes)","Word Count","Sentence Count","Average Words Per Sentence","Flesch Reading Ease Score","Readability","Text Ratio","Crawl Depth","Link Score","Inlinks","Unique Inlinks","Unique JS Inlinks","% of Total","Outlinks","Unique Outlinks","Unique JS Outlinks","External Outlinks","Unique External Outlinks","Unique External JS Outlinks","Closest Similarity Match","No. Near Duplicates","Spelling Errors","Grammar Errors","Hash","Response Time","Last Modified","Redirect URL","Redirect Type","Cookies","HTTP Version","URL Encoded Address","Crawl Timestamp"
"http://kzeso.com/wp-content/uploads/2017/02/kzeso-catalog.pdf","application/pdf","200","OK","Indexable","","","0","0","","0","0","","0","","0","","0","","","","","","","","","","33246415","0","","","","","0,000","1","","176","176","0","55,870","0","0","0","0","0","0","","","","","","0,043","Mon, 25 Sep 2017 08:53:24 GMT","","","","1.1","http://kzeso.com/wp-content/uploads/2017/02/kzeso-catalog.pdf","2023-04-27 12:52:15"
"http://kzeso.com/wp-content/uploads/2016/11/sch-1000.pdf","application/pdf","200","OK","Indexable","","СЧ-1000","7","77","","0","0","","0","","0","","0","","","","","","","","","","281032","0","","","","","0,000","3","","4","4","0","1,270","0","0","0","0","0","0","","","","","","0,053","Mon, 25 Sep 2017 08:52:59 GMT","","","","1.1","http://kzeso.com/wp-content/uploads/2016/11/sch-1000.pdf","2023-04-27 12:53:21"
"http://kzeso.com/wp-content/uploads/2017/01/k-1000.pdf","application/pdf","200","OK","Indexable","","К1000","5","57","","0","0","","0","","0","","0","","","","","","","","","","193067","0","","","","","0,000","3","","2","2","0","0,630","0","0","0","0","0","0","","","","","","0,054","Mon, 25 Sep 2017 08:53:00 GMT","","","","1.1","http://kzeso.com/wp-content/uploads/2017/01/k-1000.pdf","2023-04-27 12:53:22"
"http://kzeso.com/wp-content/uploads/2016/11/k900.pdf","application/pdf","200","OK","Indexable","","К 900","5","51","","0","0","","0","","0","","0","","","","","","","","","","192546","0","","","","","0,000","3","","4","4","0","1,270","0","0","0","0","0","0","","","","","","0,043","Mon, 25 Sep 2017 08:52:47 GMT","","","","1.1","http://kzeso.com/wp-content/uploads/2016/11/k900.pdf","2023-04-27 12:53:34"
"http://kzeso.com/wp-content/uploads/2017/01/k-1100.pdf","application/pdf","200","OK","Indexable","","К1100","5","57","","0","0","","0","","0","","0","","","","","","","","","","238440","0","","","","","0,000","3","","2","2","0","0,630","0","0","0","0","0","0","","","","","","0,049","Mon, 25 Sep 2017 08:53:00 GMT","","","","1.1","http://kzeso.com/wp-content/uploads/2017/01/k-1100.pdf","2023-04-27 12:53:40"
"http://kzeso.com/wp-content/uploads/2017/01/k924.pdf","application/pdf","200","OK","Indexable","","К 924","5","51","","0","0","","0","","0","","0","","","","","","","","","","185724","0","","","","","0,000","3","","2","2","0","0,630","0","0","0","0","0","0","","","","","","0,044","Mon, 25 Sep 2017 08:53:01 GMT","","","","1.1","http://kzeso.com/wp-content/uploads/2017/01/k924.pdf","2023-04-27 12:53:45"
"http://kzeso.com/wp-content/uploads/2016/11/spz-5.pdf","application/pdf","200","OK","Indexable","","спз-5","5","49","","0","0","","0","","0","","0","","","","","","","","","","212675","0","","","","","0,000","3","","2","2","0","0,630","0","0","0","0","0","0","","","","","","0,051","Mon, 25 Sep 2017 08:52:59 GMT","","","","1.1","http://kzeso.com/wp-content/uploads/2016/11/spz-5.pdf","2023-04-27 12:54:00"
"http://kzeso.com/wp-content/uploads/2016/11/krs-1.pdf","application/pdf","200","OK","Indexable","","(крс-1)","7","63","","0","0","","0","","0","","0","","","","","","","","","","100647","0","","","","","0,000","3","","2","2","0","0,630","0","0","0","0","0","0","","","","","","0,069","Mon, 25 Sep 2017 08:52:47 GMT","","","","1.1","http://kzeso.com/wp-content/uploads/2016/11/krs-1.pdf","2023-04-27 12:54:00"
"http://kzeso.com/wp-content/uploads/2016/11/prsm-3.pdf","application/pdf","200","OK","Indexable","","(прсм-3)","8","79","","0","0","","0","","0","","0","","","","","","","","","","77963","0","","","","","0,000","3","","4","4","0","1,270","0","0","0","0","0","0","","","","","","0,050","Mon, 25 Sep 2017 08:52:59 GMT","","","","1.1","http://kzeso.com/wp-content/uploads/2016/11/prsm-3.pdf","2023-04-27 12:54:12"
"http://kzeso.com/wp-content/uploads/2017/01/k922-1.pdf","application/pdf","200","OK","Indexable","","К 922-1","7","68","","0","0","","0","","0","","0","","","","","","","","","","174960","0","","","","","0,000","3","","2","2","0","0,630","0","0","0","0","0","0","","","","","","0,044","Mon, 25 Sep 2017 08:53:00 GMT","","","","1.1","http://kzeso.com/wp-content/uploads/2017/01/k922-1.pdf","2023-04-27 12:54:21"
"http://kzeso.com/wp-content/uploads/2016/11/ksm-005.pdf","application/pdf","200","OK","Indexable","","ксм 005","7","74","","0","0","","0","","0","","0","","","","","","","","","","85758","0","","","","","0,000","3","","2","2","0","0,630","0","0","0","0","0","0","","","","","","0,114","Mon, 25 Sep 2017 08:52:47 GMT","","","","1.1","http://kzeso.com/wp-content/uploads/2016/11/ksm-005.pdf","2023-04-27 12:54:27"
"http://kzeso.com/wp-content/uploads/2017/02/ksh001-01.pdf","application/pdf","200","OK","Indexable","","КШ 001-01","9","98","","0","0","","0","","0","","0","","","","","","","","","","138251","0","","","","","0,000","4","","1","1","0","0,320","0","0","0","0","0","0","","","","","","0,044","Mon, 25 Sep 2017 08:53:15 GMT","","","","1.1","http://kzeso.com/wp-content/uploads/2017/02/ksh001-01.pdf","2023-04-27 12:54:34"
"http://kzeso.com/wp-content/uploads/2017/01/vdm-1201.pdf","application/pdf","200","OK","Indexable","","ВДМ-1201К","9","107","","0","0","","0","","0","","0","","","","","","","","","","171311","0","","","","","0,000","4","","1","1","0","0,320","0","0","0","0","0","0","","","","","","0,112","Mon, 25 Sep 2017 08:53:04 GMT","","","","1.1","http://kzeso.com/wp-content/uploads/2017/01/vdm-1201.pdf","2023-04-27 12:54:35"
"http://kzeso.com/wp-content/uploads/2017/02/pdg508m.pdf","application/pdf","200","OK","Indexable","","ПДГ 508М","8","95","","0","0","","0","","0","","0","","","","","","","","","","153081","0","","","","","0,000","4","","1","1","0","0,320","0","0","0","0","0","0","","","","","","0,056","Mon, 25 Sep 2017 08:53:26 GMT","","","","1.1","http://kzeso.com/wp-content/uploads/2017/02/pdg508m.pdf","2023-04-27 12:54:37"
"http://kzeso.com/wp-content/uploads/2017/01/tdm_259.pdf","application/pdf","200","OK","Indexable","","ТДМ 259","7","82","","0","0","","0","","0","","0","","","","","","","","","","151591","0","","","","","0,000","4","","1","1","0","0,320","0","0","0","0","0","0","","","","","","0,044","Mon, 25 Sep 2017 08:53:03 GMT","","","","1.1","http://kzeso.com/wp-content/uploads/2017/01/tdm_259.pdf","2023-04-27 12:54:38"
"http://kzeso.com/wp-content/uploads/2017/01/ki009-315.pdf","application/pdf","200","OK","Indexable","","КИ 009-315","10","104","","0","0","","0","","0","","0","","","","","","","","","","273033","0","","","","","0,000","4","","1","1","0","0,320","0","0","0","0","0","0","","","","","","0,043","Mon, 25 Sep 2017 08:53:02 GMT","","","","1.1","http://kzeso.com/wp-content/uploads/2017/01/ki009-315.pdf","2023-04-27 12:54:38"
"http://kzeso.com/wp-content/uploads/2017/02/kp-010-3.pdf","application/pdf","200","OK","Indexable","","КП 010-3","8","82","","0","0","","0","","0","","0","","","","","","","","","","182827","0","","","","","0,000","4","","1","1","0","0,320","0","0","0","0","0","0","","","","","","0,044","Mon, 25 Sep 2017 08:53:12 GMT","","","","1.1","http://kzeso.com/wp-content/uploads/2017/02/kp-010-3.pdf","2023-04-27 12:54:39"
"http://kzeso.com/wp-content/uploads/2017/02/a-1412.pdf","application/pdf","200","OK","Indexable","","А-1412","6","63","","0","0","","0","","0","","0","","","","","","","","","","180980","0","","","","","0,000","4","","1","1","0","0,320","0","0","0","0","0","0","","","","","","0,043","Mon, 25 Sep 2017 08:53:07 GMT","","","","1.1","http://kzeso.com/wp-content/uploads/2017/02/a-1412.pdf","2023-04-27 12:54:39"
"http://kzeso.com/wp-content/uploads/2017/02/kp-015.pdf","application/pdf","200","OK","Indexable","","КП 015","6","65","","0","0","","0","","0","","0","","","","","","","","","","176125","0","","","","","0,000","4","","1","1","0","0,320","0","0","0","0","0","0","","","","","","0,043","Mon, 25 Sep 2017 08:53:12 GMT","","","","1.1","http://kzeso.com/wp-content/uploads/2017/02/kp-015.pdf","2023-04-27 12:54:40"
"http://kzeso.com/wp-content/uploads/2017/02/kt_008.pdf","application/pdf","200","OK","Indexable","","КТ 008","6","63","","0","0","","0","","0","","0","","","","","","","","","","200799","0","","","","","0,000","4","","1","1","0","0,320","0","0","0","0","0","0","","","","","","0,043","Mon, 25 Sep 2017 08:53:16 GMT","","","","1.1","http://kzeso.com/wp-content/uploads/2017/02/kt_008.pdf","2023-04-27 12:54:40"
"http://kzeso.com/wp-content/uploads/2017/02/ksh_002.pdf","application/pdf","200","OK","Indexable","","КШ 002","6","70","","0","0","","0","","0","","0","","","","","","","","","","155162","0","","","","","0,000","4","","1","1","0","0,320","0","0","0","0","0","0","","","","","","0,045","Mon, 25 Sep 2017 08:53:14 GMT","","","","1.1","http://kzeso.com/wp-content/uploads/2017/02/ksh_002.pdf","2023-04-27 12:54:41"
"http://kzeso.com/wp-content/uploads/2017/01/vdu-1201k.pdf","application/pdf","200","OK","Indexable","","ВДУ 1201К _КИУ-1201_","20","215","","0","0","","0","","0","","0","","","","","","","","","","149698","0","","","","","0,000","4","","1","1","0","0,320","0","0","0","0","0","0","","","","","","0,113","Mon, 25 Sep 2017 08:53:05 GMT","","","","1.1","http://kzeso.com/wp-content/uploads/2017/01/vdu-1201k.pdf","2023-04-27 12:54:41"
"http://kzeso.com/wp-content/uploads/2017/02/gdf-1001.pdf","application/pdf","200","OK","Indexable","","ГДФ-1001","8","91","","0","0","","0","","0","","0","","","","","","","","","","155858","0","","","","","0,000","4","","1","1","0","0,320","0","0","0","0","0","0","","","","","","0,044","Mon, 25 Sep 2017 08:53:08 GMT","","","","1.1","http://kzeso.com/wp-content/uploads/2017/02/gdf-1001.pdf","2023-04-27 12:54:42"
"http://kzeso.com/wp-content/uploads/2017/02/ka_001.pdf","application/pdf","200","OK","Indexable","","КА 001","6","64","","0","0","","0","","0","","0","","","","","","","","","","149824","0","","","","","0,000","4","","1","1","0","0,320","0","0","0","0","0","0","","","","","","0,044","Mon, 25 Sep 2017 08:53:10 GMT","","","","1.1","http://kzeso.com/wp-content/uploads/2017/02/ka_001.pdf","2023-04-27 12:54:42"
"http://kzeso.com/wp-content/uploads/2017/02/kp018.pdf","application/pdf","200","OK","Indexable","","КП 018","6","65","","0","0","","0","","0","","0","","","","","","","","","","193296","0","","","","","0,000","4","","1","1","0","0,320","0","0","0","0","0","0","","","","","","0,064","Mon, 25 Sep 2017 08:53:13 GMT","","","","1.1","http://kzeso.com/wp-content/uploads/2017/02/kp018.pdf","2023-04-27 12:54:42"
"http://kzeso.com/wp-content/uploads/2017/02/mt2202.pdf","application/pdf","200","OK","Indexable","","МТ-2202","7","79","","0","0","","0","","0","","0","","","","","","","","","","138742","0","","","","","0,000","4","","1","1","0","0,320","0","0","0","0","0","0","","","","","","0,153","Mon, 25 Sep 2017 08:53:25 GMT","","","","1.1","http://kzeso.com/wp-content/uploads/2017/02/mt2202.pdf","2023-04-27 12:54:42"
"http://kzeso.com/wp-content/uploads/2017/02/kp-007.pdf","application/pdf","200","OK","Indexable","","КП 007","6","65","","0","0","","0","","0","","0","","","","","","","","","","170828","0","","","","","0,000","4","","1","1","0","0,320","0","0","0","0","0","0","","","","","","0,048","Mon, 25 Sep 2017 08:53:11 GMT","","","","1.1","http://kzeso.com/wp-content/uploads/2017/02/kp-007.pdf","2023-04-27 12:54:42"
"http://kzeso.com/wp-content/uploads/2017/01/kaes-401.pdf","application/pdf","200","OK","Indexable","","КАЭС-401","8","91","","0","0","","0","","0","","0","","","","","","","","","","164604","0","","","","","0,000","4","","1","1","0","0,320","0","0","0","0","0","0","","","","","","0,095","Mon, 25 Sep 2017 08:53:01 GMT","","","","1.1","http://kzeso.com/wp-content/uploads/2017/01/kaes-401.pdf","2023-04-27 12:54:43"
"http://kzeso.com/wp-content/uploads/2017/02/ka002.pdf","application/pdf","200","OK","Indexable","","КА 002","6","64","","0","0","","0","","0","","0","","","","","","","","","","211596","0","","","","","0,000","4","","1","1","0","0,320","0","0","0","0","0","0","","","","","","0,047","Mon, 25 Sep 2017 08:53:10 GMT","","","","1.1","http://kzeso.com/wp-content/uploads/2017/02/ka002.pdf","2023-04-27 12:54:43"
"http://kzeso.com/wp-content/uploads/2017/01/vdu-506k.pdf","application/pdf","200","OK","Indexable","","ВДУ-506К","8","92","","0","0","","0","","0","","0","","","","","","","","","","117026","0","","","","","0,000","4","","1","1","0","0,320","0","0","0","0","0","0","","","","","","0,081","Mon, 25 Sep 2017 08:53:04 GMT","","","","1.1","http://kzeso.com/wp-content/uploads/2017/01/vdu-506k.pdf","2023-04-27 12:54:43"
"http://kzeso.com/wp-content/uploads/2017/01/kig-401.pdf","application/pdf","200","OK","Indexable","","КИГ-401","7","77","","0","0","","0","","0","","0","","","","","","","","","","161152","0","","","","","0,000","4","","1","1","0","0,320","0","0","0","0","0","0","","","","","","0,048","Mon, 25 Sep 2017 08:53:02 GMT","","","","1.1","http://kzeso.com/wp-content/uploads/2017/01/kig-401.pdf","2023-04-27 12:54:43"
"http://kzeso.com/wp-content/uploads/2017/02/ksh001-02.pdf","application/pdf","200","OK","Indexable","","КШ 001-02","9","98","","0","0","","0","","0","","0","","","","","","","","","","139265","0","","","","","0,000","4","","1","1","0","0,320","0","0","0","0","0","0","","","","","","0,091","Mon, 25 Sep 2017 08:53:15 GMT","","","","1.1","http://kzeso.com/wp-content/uploads/2017/02/ksh001-02.pdf","2023-04-27 12:54:45"
"http://kzeso.com/wp-content/uploads/2017/02/pdg603.pdf","application/pdf","200","OK","Indexable","","ПДГ 603","7","78","","0","0","","0","","0","","0","","","","","","","","","","198101","0","","","","","0,000","4","","1","1","0","0,320","0","0","0","0","0","0","","","","","","0,043","Mon, 25 Sep 2017 08:53:27 GMT","","","","1.1","http://kzeso.com/wp-content/uploads/2017/02/pdg603.pdf","2023-04-27 12:54:46"
"http://kzeso.com/wp-content/uploads/2017/02/a-1416.pdf","application/pdf","200","OK","Indexable","","А-1416","6","63","","0","0","","0","","0","","0","","","","","","","","","","160333","0","","","","","0,000","4","","1","1","0","0,320","0","0","0","0","0","0","","","","","","0,105","Mon, 25 Sep 2017 08:53:07 GMT","","","","1.1","http://kzeso.com/wp-content/uploads/2017/02/a-1416.pdf","2023-04-27 12:54:46"
"http://kzeso.com/wp-content/uploads/2017/02/a535.pdf","application/pdf","200","OK","Indexable","","","0","0","","0","0","","0","","0","","0","","","","","","","","","","518807","0","","","","","0,000","4","","1","1","0","0,320","0","0","0","0","0","0","","","","","","0,049","Mon, 25 Sep 2017 08:53:08 GMT","","","","1.1","http://kzeso.com/wp-content/uploads/2017/02/a535.pdf","2023-04-27 12:54:46"
"http://kzeso.com/wp-content/uploads/2017/02/ka009.pdf","application/pdf","200","OK","Indexable","","КА 008","6","64","","0","0","","0","","0","","0","","","","","","","","","","399406","0","","","","","0,000","4","","1","1","0","0,320","0","0","0","0","0","0","","","","","","0,044","Mon, 25 Sep 2017 08:53:11 GMT","","","","1.1","http://kzeso.com/wp-content/uploads/2017/02/ka009.pdf","2023-04-27 12:54:47"
"http://kzeso.com/wp-content/uploads/2017/02/mco-606.pdf","application/pdf","200","OK","Indexable","","мсо606","6","69","","0","0","","0","","0","","0","","","","","","","","","","159862","0","","","","","0,000","4","","1","1","0","0,320","0","0","0","0","0","0","","","","","","0,090","Mon, 25 Sep 2017 08:53:25 GMT","","","","1.1","http://kzeso.com/wp-content/uploads/2017/02/mco-606.pdf","2023-04-27 12:54:47"
"http://kzeso.com/wp-content/uploads/2017/02/kt_004.pdf","application/pdf","200","OK","Indexable","","КТ 004","6","63","","0","0","","0","","0","","0","","","","","","","","","","142821","0","","","","","0,000","4","","1","1","0","0,320","0","0","0","0","0","0","","","","","","0,044","Mon, 25 Sep 2017 08:53:15 GMT","","","","1.1","http://kzeso.com/wp-content/uploads/2017/02/kt_004.pdf","2023-04-27 12:54:48"
"http://kzeso.com/wp-content/uploads/2017/02/ksh001.pdf","application/pdf","200","OK","Indexable","","КШ 001","6","70","","0","0","","0","","0","","0","","","","","","","","","","142343","0","","","","","0,000","4","","1","1","0","0,320","0","0","0","0","0","0","","","","","","0,087","Mon, 25 Sep 2017 08:53:15 GMT","","","","1.1","http://kzeso.com/wp-content/uploads/2017/02/ksh001.pdf","2023-04-27 12:54:49"
"http://kzeso.com/wp-content/uploads/2017/02/a-820k.pdf","application/pdf","200","OK","Indexable","","А 820 К","7","69","","0","0","","0","","0","","0","","","","","","","","","","152347","0","","","","","0,000","4","","1","1","0","0,320","0","0","0","0","0","0","","","","","","0,044","Mon, 25 Sep 2017 08:53:06 GMT","","","","1.1","http://kzeso.com/wp-content/uploads/2017/02/a-820k.pdf","2023-04-27 12:54:50"
"http://kzeso.com/wp-content/uploads/2017/02/a-1406.pdf","application/pdf","200","OK","Indexable","","А-1406","6","63","","0","0","","0","","0","","0","","","","","","","","","","171030","0","","","","","0,000","4","","1","1","0","0,320","0","0","0","0","0","0","","","","","","0,088","Mon, 25 Sep 2017 08:53:06 GMT","","","","1.1","http://kzeso.com/wp-content/uploads/2017/02/a-1406.pdf","2023-04-27 12:54:50"
"http://kzeso.com/wp-content/uploads/2017/02/pdg516m.pdf","application/pdf","200","OK","Indexable","","ПДГ 516М","8","95","","0","0","","0","","0","","0","","","","","","","","","","301624","0","","","","","0,000","4","","1","1","0","0,320","0","0","0","0","0","0","","","","","","0,044","Mon, 25 Sep 2017 08:53:26 GMT","","","","1.1","http://kzeso.com/wp-content/uploads/2017/02/pdg516m.pdf","2023-04-27 12:54:50"
"http://kzeso.com/wp-content/uploads/2017/01/kig-601.pdf","application/pdf","200","OK","Indexable","","КИГ-601","7","77","","0","0","","0","","0","","0","","","","","","","","","","159133","0","","","","","0,000","4","","1","1","0","0,320","0","0","0","0","0","0","","","","","","0,092","Mon, 25 Sep 2017 08:53:02 GMT","","","","1.1","http://kzeso.com/wp-content/uploads/2017/01/kig-601.pdf","2023-04-27 12:54:51"
"http://kzeso.com/wp-content/uploads/2017/02/kt_009.pdf","application/pdf","200","OK","Indexable","","КТ 009","6","63","","0","0","","0","","0","","0","","","","","","","","","","160670","0","","","","","0,000","4","","1","1","0","0,320","0","0","0","0","0","0","","","","","","0,058","Mon, 25 Sep 2017 08:53:16 GMT","","","","1.1","http://kzeso.com/wp-content/uploads/2017/02/kt_009.pdf","2023-04-27 12:54:52"
"http://kzeso.com/wp-content/uploads/2017/02/ks-011.pdf","application/pdf","200","OK","Indexable","","КС 011","6","64","","0","0","","0","","0","","0","","","","","","","","","","158117","0","","","","","0,000","4","","1","1","0","0,320","0","0","0","0","0","0","","","","","","0,089","Mon, 25 Sep 2017 08:53:13 GMT","","","","1.1","http://kzeso.com/wp-content/uploads/2017/02/ks-011.pdf","2023-04-27 12:54:52"
"http://kzeso.com/wp-content/uploads/2017/02/k584m.pdf","application/pdf","200","OK","Indexable","","к584","4","44","","0","0","","0","","0","","0","","","","","","","","","","214159","0","","","","","0,000","4","","1","1","0","0,320","0","0","0","0","0","0","","","","","","0,048","Mon, 25 Sep 2017 08:53:09 GMT","","","","1.1","http://kzeso.com/wp-content/uploads/2017/02/k584m.pdf","2023-04-27 12:54:52"
"http://kzeso.com/wp-content/uploads/2017/02/k813.pdf","application/pdf","200","OK","Indexable","","Трубосварочная машина К 813","27","291","","0","0","","0","","0","","0","","","","","","","","","","194858","0","","","","","0,000","4","","1","1","0","0,320","0","0","0","0","0","0","","","","","","0,049","Mon, 25 Sep 2017 08:53:09 GMT","","","","1.1","http://kzeso.com/wp-content/uploads/2017/02/k813.pdf","2023-04-27 12:54:54"
"http://kzeso.com/wp-content/uploads/2017/02/kp019.pdf","application/pdf","200","OK","Indexable","","КП 019","6","65","","0","0","","0","","0","","0","","","","","","","","","","150903","0","","","","","0,000","4","","1","1","0","0,320","0","0","0","0","0","0","","","","","","0,100","Mon, 25 Sep 2017 08:53:13 GMT","","","","1.1","http://kzeso.com/wp-content/uploads/2017/02/kp019.pdf","2023-04-27 12:54:55"
"http://kzeso.com/wp-content/uploads/2017/02/ad-231.pdf","application/pdf","200","OK","Indexable","","АД-231","6","67","","0","0","","0","","0","","0","","","","","","","","","","209165","0","","","","","0,000","4","","1","1","0","0,320","0","0","0","0","0","0","","","","","","0,044","Mon, 25 Sep 2017 08:53:08 GMT","","","","1.1","http://kzeso.com/wp-content/uploads/2017/02/ad-231.pdf","2023-04-27 12:54:55"
"http://kzeso.com/wp-content/uploads/2017/02/ksh_003.pdf","application/pdf","200","OK","Indexable","","кш 003","6","65","","0","0","","0","","0","","0","","","","","","","","","","440616","0","","","","","0,000","4","","1","1","0","0,320","0","0","0","0","0","0","","","","","","0,043","Mon, 25 Sep 2017 08:53:14 GMT","","","","1.1","http://kzeso.com/wp-content/uploads/2017/02/ksh_003.pdf","2023-04-27 12:54:55"
"http://kzeso.com/wp-content/uploads/2017/02/kt_007.pdf","application/pdf","200","OK","Indexable","","kt_007","6","59","","0","0","","0","","0","","0","","","","","","","","","","243419","0","","","","","0,000","4","","1","1","0","0,320","0","0","0","0","0","0","","","","","","0,043","Mon, 25 Sep 2017 08:53:16 GMT","","","","1.1","http://kzeso.com/wp-content/uploads/2017/02/kt_007.pdf","2023-04-27 12:54:55"
"http://kzeso.com/wp-content/uploads/2017/01/vdm-6301.pdf","application/pdf","200","OK","Indexable","","ВДМ-6301К","9","107","","0","0","","0","","0","","0","","","","","","","","","","165574","0","","","","","0,000","4","","1","1","0","0,320","0","0","0","0","0","0","","","","","","0,043","Mon, 25 Sep 2017 08:53:04 GMT","","","","1.1","http://kzeso.com/wp-content/uploads/2017/01/vdm-6301.pdf","2023-04-27 12:54:56"
"http://kzeso.com/wp-content/uploads/2017/01/ki002-500.pdf","application/pdf","200","OK","Indexable","","КИ 002-500","10","104","","0","0","","0","","0","","0","","","","","","","","","","167694","0","","","","","0,000","4","","2","2","0","0,630","0","0","0","0","0","0","","","","","","0,043","Mon, 25 Sep 2017 08:53:02 GMT","","","","1.1","http://kzeso.com/wp-content/uploads/2017/01/ki002-500.pdf","2023-04-27 12:54:56"
"http://kzeso.com/wp-content/uploads/2017/02/kt008_2post.pdf","application/pdf","200","OK","Indexable","","КТ 008 2 пост","13","127","","0","0","","0","","0","","0","","","","","","","","","","199390","0","","","","","0,000","4","","1","1","0","0,320","0","0","0","0","0","0","","","","","","0,044","Mon, 25 Sep 2017 08:53:17 GMT","","","","1.1","http://kzeso.com/wp-content/uploads/2017/02/kt008_2post.pdf","2023-04-27 12:54:56"
"http://kzeso.com/wp-content/uploads/2017/02/a-1304.pdf","application/pdf","200","OK","Indexable","","А 1304","6","62","","0","0","","0","","0","","0","","","","","","","","","","173677","0","","","","","0,000","4","","1","1","0","0,320","0","0","0","0","0","0","","","","","","0,044","Mon, 25 Sep 2017 08:53:06 GMT","","","","1.1","http://kzeso.com/wp-content/uploads/2017/02/a-1304.pdf","2023-04-27 12:54:56"
"http://kzeso.com/wp-content/uploads/2017/02/a-550.pdf","application/pdf","200","OK","Indexable","","А 550","5","51","","0","0","","0","","0","","0","","","","","","","","","","153079","0","","","","","0,000","4","","1","1","0","0,320","0","0","0","0","0","0","","","","","","0,045","Mon, 25 Sep 2017 08:53:05 GMT","","","","1.1","http://kzeso.com/wp-content/uploads/2017/02/a-550.pdf","2023-04-27 12:54:56"
